country,name,full_name,isin,currency,symbol
indonesia,Harta Aman Pratama,Asuransi Harta Aman Pratama Tbk PT,ID1000095805,IDR,AHAP
indonesia,Apac Citra Centertex,Apac Citra Centertex Tbk,ID1000074701,IDR,MYTX
indonesia,Argha Karya Prima Ind,Argha Karya Prima Ind Tbk,ID1000084205,IDR,AKPI
indonesia,Austindo Nusantara Jaya,Austindo Nusantara Jaya Tbk,ID1000270002,IDR,ANJT
indonesia,Bank Bumi Arta,Bank Bumi Arta Tbk,ID1000103401,IDR,BNBA
indonesia,Bank Maspion Indonesia,Bank Maspion Indonesia Tbk,ID1000128200,IDR,BMAS
indonesia,Bank Ocbc Nisp,Bank Ocbc Nisp Tbk,ID1000094402,IDR,NISP
indonesia,Bank Of India Indonesia,Bank Of India Indonesia Tbk,ID1000089709,IDR,BSWD
indonesia,Bank Qnb Indonesia,Bank Qnb Indonesia Tbk,ID1000093503,IDR,BKSW
indonesia,Bayu Buana,Bayu Buana Tbk,ID1000074107,IDR,BAYU
indonesia,Buana Finance,Buana Finance Tbk,ID1000104607,IDR,BBLD
indonesia,Cakra Mineral,Cakra Mineral Tbk,ID1000072606,IDR,CKRA
indonesia,Delta Djakarta,Delta Djakarta Tbk,ID1000136005,IDR,DLTA
indonesia,Destinasi Tirta,Destinasi Tirta Nusantara Tbk,ID1000111107,IDR,PDES
indonesia,Elang Mahkota,Elang Mahkota Teknologi Tbk,ID1000113905,IDR,EMTK
indonesia,Enseval Putra,Enseval Putra Megatrading Tbk,ID1000096506,IDR,EPMT
indonesia,Equity Dev Inv,Equity Development Investment,ID1000074206,IDR,GSMF
indonesia,Eratex Djaja,Eratex Djaja Tbk,ID1000076607,IDR,ERTX
indonesia,Ever Shine Textile,Ever Shine Textile Industry,ID1000063506,IDR,ESTI
indonesia,Fast Food Indonesia,Fast Food Indonesia Tbk,ID1000063209,IDR,FAST
indonesia,Fks Multi Agro,Fks Multi Agro Tbk,ID1000080104,IDR,FISH
indonesia,Golden Energy Mines,Golden Energy Mines Tbk,ID1000121106,IDR,GEMS
indonesia,Indo Kordsa,Indo Kordsa Tbk,ID1000084700,IDR,BRAM
indonesia,Indo Straits,Indo Straits Tbk,ID1000120009,IDR,PTIS
indonesia,Indorama Synthetics,Indorama Synthetics Tbk,ID1000086101,IDR,INDR
indonesia,Jakarta Kyoei,Jakarta Kyoei Steel Works Tbk,ID1000084502,IDR,JKSW
indonesia,Kabelindo Murni,Kabelindo Murni Tbk,ID1000073802,IDR,KBLM
indonesia,Kedaung Indah Can,Kedaung Indah Can Tbk,ID1000083207,IDR,KICI
indonesia,Kokoh Inti Arebama,Kokoh Inti Arebama Tbk,ID1000110406,IDR,KOIN
indonesia,Limas Indonesia Makmur,Limas Indonesia Makmur Tbk,ID1000079403,IDR,LMAS
indonesia,Lionmesh Prima,Lionmesh Prima Tbk,ID1000135502,IDR,LMSH
indonesia,Lotte Chemical Titan PT,Lotte Chemical Titan Tbk PT,ID1000083801,IDR,FPNI
indonesia,Mandala Multifinance,Mandala Multifinance Tbk,ID1000102304,IDR,MFIN
indonesia,Maskapai Reasuransi,Maskapai Reasuransi Indonesia,ID1000056005,IDR,MREI
indonesia,Metro Realty,Metro Realty Tbk,ID1000121007,IDR,MTSM
indonesia,Metropolitan Kentjana,Metropolitan Kentjana Tbk,ID1000112808,IDR,MKPI
indonesia,Multifiling Mitra,Multifiling Mitra Indonesia,ID1000117906,IDR,MFMI
indonesia,Onix Capital,Onix Capital Tbk,ID1000096100,IDR,OCAP
indonesia,Pembangunan Graha,Pembangunan Graha Lestari Tbk,ID1000090509,IDR,PGLI
indonesia,Pelayaran Tempuran,Pelayaran Tempuran Emas Tbk,ID1000103203,IDR,TMAS
indonesia,Panasia Indo Resources,Panasia Indo Resources Tbk,ID1000086507,IDR,HDTX
indonesia,Pelayaran Nelly,Pelayaran Nelly Dwi Putri Tbk,ID1000125206,IDR,NELY
indonesia,Pikko Land Development,Pikko Land Development Tbk,ID1000075203,IDR,RODA
indonesia,Pioneerindo Gourmet,Pioneerindo Gourmet International,ID1000064108,IDR,PTSP
indonesia,Plaza Indonesia Realty,Plaza Indonesia Realty Tbk,ID1000105406,IDR,PLIN
indonesia,Pool Advista Indonesia,Pool Advista Indonesia Tbk,ID1000122005,IDR,POOL
indonesia,Prasidha Aneka Niaga,Prasidha Aneka Niaga Tbk,ID1000090400,IDR,PSDN
indonesia,Provident Agro,Provident Agro Tbk,ID1000125008,IDR,PALM
indonesia,Pudjiadi & Sons,Pudjiadi & Sons Tbk,ID1000124803,IDR,PNSE
indonesia,Reliance Securities,Reliance Securities Tbk,ID1000101603,IDR,RELI
indonesia,Ricky Putra Globalindo,Ricky Putra Globalindo Tbk,ID1000059801,IDR,RICY
indonesia,Rig Tenders,Rig Tenders Tbk,ID1000098809,IDR,RIGS
indonesia,Samudera Indonesia,Samudera Indonesia Tbk,ID1000075906,IDR,SMDR
indonesia,Sekar Bumi,Sekar Bumi Tbk,ID1000124407,IDR,SKBM
indonesia,Sepatu Bata,Sepatu Bata Tbk,ID1000129109,IDR,BATA
indonesia,Smr Utama,Smr Utama Tbk,ID1000120801,IDR,SMRU
indonesia,Sona Topas Tourism,Sona Topas Tourism Industry,ID1000052202,IDR,SONA
indonesia,Supreme Cable,Supreme Cable Manufacturing Corp,ID1000080906,IDR,SCCO
indonesia,Sunson Textile,Sunson Textile Manufacturer,ID1000081508,IDR,SSTM
indonesia,Surya Toto Indonesia,Surya Toto Indonesia Tbk,ID1000132509,IDR,TOTO
indonesia,Suryamas Dutamakmur,Suryamas Dutamakmur Tbk,ID1000067408,IDR,SMDM
indonesia,Tifico Fiber Indonesia,Tifico Fiber Indonesia Tbk,ID1000054802,IDR,TFCO
indonesia,Tigaraksa Satria,Tigaraksa Satria Tbk,ID1000102106,IDR,TGKA
indonesia,Trans Power Marine,Trans Power Marine Tbk,ID1000126600,IDR,TPMA
indonesia,Trias Sentosa,Trias Sentosa Tbk,ID1000059009,IDR,TRST
indonesia,Trikomsel Oke,Trikomsel Oke Tbk,ID1000112501,IDR,TRIO
indonesia,Abm Investama,Abm Investama Tbk,ID1000121502,IDR,ABMM
indonesia,Ace Hardware,Ace Hardware Indonesia Tbk,ID1000125503,IDR,ACES
indonesia,Acset Indonusa,Acset Indonusa Tbk,ID1000127509,IDR,ACST
indonesia,Adaro Energy,Adaro Energy Tbk,ID1000111305,IDR,ADRO
indonesia,Adhi Karya Persero,Adhi Karya Persero Tbk,ID1000097207,IDR,ADHI
indonesia,Adi Sarana Armada,Adi Sarana Armada Tbk,ID1000125800,IDR,ASSA
indonesia,Adira Dinamika,Adira Dinamika Multi Finance,ID1000097504,IDR,ADMF
indonesia,Sigmagold Inti Perkasa,Sigmagold Inti Perkasa Tbk,ID1000065303,IDR,TMPI
indonesia,Agung Podomoro,Agung Podomoro Land Tbk,ID1000117104,IDR,APLN
indonesia,Akasha Wira,Akasha Wira International Tbk,ID1000067606,IDR,ADES
indonesia,Akbar Indomakmur,Akbar Indomakmur Stimec Tbk,ID1000071202,IDR,AIMS
indonesia,Akr Corporindo,Akr Corporindo Tbk,ID1000106701,IDR,AKRA
indonesia,Alam Sutera Realty,Alam Sutera Realty Tbk,ID1000108400,IDR,ASRI
indonesia,Alkindo Naratama,Alkindo Naratama Tbk,ID1000120207,IDR,ALDO
indonesia,Alumindo,Alumindo Light Metal Industry,ID1000130909,IDR,ALMI
indonesia,Ancora Indonesia,Ancora Indonesia Resources Tbk,ID1000103302,IDR,OKAS
indonesia,Aneka Tambang Persero,Aneka Tambang Persero Tbk,ID1000106602,IDR,ANTM
indonesia,Apexindo Pratama Duta,Apexindo Pratama Duta Tbk,ID1000091309,IDR,APEX
indonesia,Arita Prima Indonesia,Arita Prima Indonesia Tbk,ID1000129406,IDR,APII
indonesia,Arthavest,Arthavest Tbk,ID1000093305,IDR,ARTA
indonesia,Arwana Citramulia,Arwana Citramulia Tbk,ID1000128309,IDR,ARNA
indonesia,Asuransi Dayin Mitra,Asuransi Dayin Mitra Tbk,ID1000090905,IDR,ASDM
indonesia,Multi Artha Guna,Asuransi Multi Artha Guna Tbk PT,ID1000102908,IDR,AMAG
indonesia,Asuransi Ramayana,Asuransi Ramayana Tbk,ID1000079700,IDR,ASRM
indonesia,Asahimas Flat Glass,Asahimas Flat Glass Tbk,ID1000084601,IDR,AMFG
indonesia,Asia Pacific Fibers,Asia Pacific Fibers Tbk,ID1000110208,IDR,POLY
indonesia,Asiaplast Industries,Asiaplast Industries Tbk,ID1000059405,IDR,APLI
indonesia,Astra Agro Lestari,Astra Agro Lestari Tbk,ID1000066004,IDR,AALI
indonesia,Astra Graphia,Astra Graphia Tbk,ID1000066103,IDR,ASGR
indonesia,Astra International,Astra International Tbk,ID1000122807,IDR,ASII
indonesia,Astra Otoparts,Astra Otoparts Tbk,ID1000119704,IDR,AUTO
indonesia,Asuransi Kresna Mitra,Asuransi Kresna Mitra Tbk PT,ID1000130602,IDR,ASMI
indonesia,Atlas Resources,Atlas Resources Tbk,ID1000121205,IDR,ARII
indonesia,Bara Jaya Internasional,Bara Jaya Internasional Tbk PT,ID1000087307,IDR,ATPK
indonesia,Bakrie & Brothers,Bakrie & Brothers Tbk,ID1000110000,IDR,BNBR
indonesia,Bakrie Sumatera,Bakrie Sumatera Plantations,ID1000099708,IDR,UNSP
indonesia,Bakrie Telecom,Bakrie Telecom Tbk,ID1000103005,IDR,BTEL
indonesia,Bakrieland,Bakrieland Development Tbk,ID1000088701,IDR,ELTY
indonesia,Bank Artha Graha,Bank Artha Graha Internasional,ID1000105505,IDR,INPC
indonesia,Bank Negar,Bank Negara Indonesia Tbk,ID1000096605,IDR,BBNI
indonesia,Bank Bukopin,Bank Bukopin Tbk,ID1000103609,IDR,BBKP
indonesia,Bank Capital Indonesia,Bank Capital Indonesia Tbk,ID1000107402,IDR,BACA
indonesia,Bank Danamon,Bank Danamon Indonesia Tbk,ID1000094204,IDR,BDMN
indonesia,Bank Woori Indonesia,Bank Woori Saudara Indonesia 1906,ID1000105307,IDR,SDRA
indonesia,Bank Mnc Internasional,Bank Mnc Internasional Tbk,ID1000091507,IDR,BABP
indonesia,Bank Ina Perdana,Bank Ina Perdana Tbk,ID1000130404,IDR,BINA
indonesia,Bank Maybank Indonesia,Bank Maybank Indonesia Tbk PT,ID1000099302,IDR,BNII
indonesia,Bank Mandiri Persero,Bank Mandiri Persero Tbk,ID1000095003,IDR,BMRI
indonesia,Bank Mayapada,Bank Mayapada Internasional,ID1000055205,IDR,MAYA
indonesia,Bank Mega,Bank Mega Tbk,ID1000052400,IDR,MEGA
indonesia,Bank Mestika Dharma,Bank Mestika Dharma Tbk,ID1000128507,IDR,BBMD
indonesia,Bank Nationalnobu,Bank Nationalnobu Tbk,ID1000127103,IDR,NOBU
indonesia,Bank Pembangunan,Bank Pembangunan Barat Dan Banten,ID1000115702,IDR,BJBR
indonesia,Bank Pan Indonesia,Bank Pan Indonesia Tbk,ID1000092703,IDR,PNBN
indonesia,Bank Panin Syariah,Bank Panin Syariah Tbk,ID1000130701,IDR,PNBS
indonesia,Bank Pembangunan Timur,Bank Pembangunan Timur Tbk,ID1000123904,IDR,BJTM
indonesia,Bank Permata,Bank Permata Tbk,ID1000098205,IDR,BNLI
indonesia,Bank Pembangunan,Bank Pembangunan Daerah Banten Tbk PT,ID1000070600,IDR,BEKS
indonesia,Bank Rakyat Persero,Bank Rakyat Indonesia Persero,ID1000118201,IDR,BBRI
indonesia,Bank Sinarmas,Bank Sinarmas Tbk,ID1000117807,IDR,BSIM
indonesia,Bank Tabungan Negara,Bank Tabungan Negara Persero,ID1000113707,IDR,BBTN
indonesia,Bank Tabungan,Bank Tabungan Pensiunan Nasional,ID1000118508,IDR,BTPN
indonesia,Bank Victoria,Bank Victoria International,ID1000056302,IDR,BVIC
indonesia,Bank Windu,Bank Windu Kentjana Int,ID1000106305,IDR,MCOR
indonesia,Baramulti Suksessarana,Baramulti Suksessarana Tbk,ID1000125701,IDR,BSSR
indonesia,Barito Pacific,Barito Pacific Tbk,ID1000085707,IDR,BRPT
indonesia,Bayan Resources,Bayan Resources Tbk,ID1000111701,IDR,BYAN
indonesia,Bekasi Asri Pemula,Bekasi Asri Pemula Tbk,ID1000109002,IDR,BAPA
indonesia,Bekasi Fajar,Bekasi Fajar Industrial Estate,ID1000122609,IDR,BEST
indonesia,Benakat Integra,Benakat Integra Tbk,ID1000114101,IDR,BIPI
indonesia,Berlina,Berlina Tbk,ID1000125602,IDR,BRNA
indonesia,Betonjaya Manunggal,Betonjaya Manunggal Tbk,ID1000071509,IDR,BTON
indonesia,BFI Finance,BFI Finance Indonesia Tbk,ID1000124001,IDR,BFIN
indonesia,Bhuwanatala Indah,Bhuwanatala Indah Permai Tbk,ID1000076508,IDR,BIPP
indonesia,Bisi International,Bisi International Tbk,ID1000105703,IDR,BISI
indonesia,Bank Central Asia,Bank Central Asia Tbk,ID1000109507,IDR,BBCA
indonesia,Borneo Lumbung,Borneo Lumbung Energi & Metal,ID1000117401,IDR,BORN
indonesia,Bank Rakyat,Bank Rakyat Indonesia Agroniaga,ID1000095508,IDR,AGRO
indonesia,Buana Listya Tama,Buana Listya Tama Tbk PT,ID1000133705,IDR,BULL
indonesia,Budi Starch & Sweetener,Budi Starch & Sweetener Tbk,ID1000084908,IDR,BUDI
indonesia,Bukit Darmo,Bukit Darmo Property Tbk,ID1000106008,IDR,BKDP
indonesia,Bukit Uluwatu Villa,Bukit Uluwatu Villa Tbk,ID1000116007,IDR,BUVA
indonesia,Bumi Citra Permai,Bumi Citra Permai Tbk,ID1000113509,IDR,BCIP
indonesia,Bumi Resources Min,Bumi Resources Minerals Tbk,ID1000117609,IDR,BRMS
indonesia,Bumi Resources,Bumi Resources Tbk,ID1000068703,IDR,BUMI
indonesia,Bumi Serpong Damai,Bumi Serpong Damai Tbk,ID1000110802,IDR,BSDE
indonesia,Bumi Teknokultura,Bumi Teknokultura Unggul Tbk,ID1000098106,IDR,BTEK
indonesia,Eagle High,Eagle High Plantations Tbk,ID1000113202,IDR,BWPT
indonesia,Capitalinc Inv,Capitalinc Investment Tbk,ID1000120405,IDR,MTFN
indonesia,Capitol Nusantara,Capitol Nusantara Indonesia,ID1000130503,IDR,CANI
indonesia,Cardig Aero,Cardig Aero Services Tbk,ID1000121403,IDR,CASS
indonesia,Catur Sentosa,Catur Sentosa Adiprana Tbk,ID1000108301,IDR,CSAP
indonesia,Central Proteina,Central Proteina Prima Tbk,ID1000105000,IDR,CPRO
indonesia,Centratama Telekom,Centratama Telekomunikasi Ind,ID1000076805,IDR,CENT
indonesia,Rimau Multi,Rimau Multi Putra Pratama,ID1000132608,IDR,CMPP
indonesia,Champion Pacific,Champion Pacific Indonesia Tbk,ID1000059306,IDR,IGAR
indonesia,Chandra Asri Petro,Chandra Asri Petrochemical Tbk,ID1000090301,IDR,TPIA
indonesia,Charoen Pokphand Indonesia,Charoen Pokphand Indonesia TBK PT,ID1000117708,IDR,CPIN
indonesia,Ciputra Dev,Ciputra Development Tbk,ID1000115306,IDR,CTRA
indonesia,Citatah,Citatah Tbk,ID1000070105,IDR,CTTH
indonesia,Citra Marga,Citra Marga Nusaphala Persada,ID1000070402,IDR,CMNP
indonesia,Clipan Finance,Clipan Finance Indonesia Tbk,ID1000095201,IDR,CFIN
indonesia,Colorpak Indonesia,Colorpak Indonesia Tbk,ID1000079106,IDR,CLPI
indonesia,Cowell Development,Cowell Development Tbk,ID1000108707,IDR,COWL
indonesia,Darma Henwa,Darma Henwa Tbk,ID1000107303,IDR,DEWA
indonesia,Darya-Varia,Darya-Varia Laboratoria Tbk,ID1000117203,IDR,DVLA
indonesia,Delta Dunia Makmur,Delta Dunia Makmur Tbk,ID1000110505,IDR,DOID
indonesia,Dharma Samudera,Dharma Samudera Fishing Tbk,ID1000065808,IDR,DSFI
indonesia,Dharma Satya,Dharma Satya Nusantara Tbk,ID1000135809,IDR,DSNG
indonesia,Duta Pertiwi Nusantara,Duta Pertiwi Nusantara Tbk,ID1000103500,IDR,DPNS
indonesia,Duta Anggada,Duta Anggada Realty Tbk,ID1000089303,IDR,DART
indonesia,Duta Pertiwi,Duta Pertiwi Tbk,ID1000076300,IDR,DUTI
indonesia,Dyandra Media,Dyandra Media International,ID1000126808,IDR,DYAN
indonesia,Ekadharma,Ekadharma International Tbk,ID1000104805,IDR,EKAD
indonesia,Electronic City Ind,Electronic City Indonesia Tbk,ID1000127905,IDR,ECII
indonesia,Elnusa,Elnusa Tbk,ID1000109606,IDR,ELSA
indonesia,Energi Mega Persada,Energi Mega Persada Tbk,ID1000098304,IDR,ENRG
indonesia,Erajaya Swasembada,Erajaya Swasembada Tbk,ID1000121601,IDR,ERAA
indonesia,Eterindo Wahanatama,Eterindo Wahanatama Tbk,ID1000064405,IDR,ETWA
indonesia,Eureka Prima Jakarta,Eureka Prima Jakarta Tbk,ID1000106503,IDR,LCGP
indonesia,Exploitasi Energi,Exploitasi Energi Indonesia,ID1000096209,IDR,CNKO
indonesia,Express Transindo,Express Transindo Utama Tbk,ID1000125404,IDR,TAXI
indonesia,Fajar Surya Wisesa,Fajar Surya Wisesa Tbk,ID1000068208,IDR,FASW
indonesia,First Media,First Media Tbk,ID1000051709,IDR,KBLV
indonesia,Fortune Indonesia,Fortune Indonesia Tbk,ID1000080203,IDR,FORU
indonesia,Fortune Mate,Fortune Mate Indonesia Tbk,ID1000091200,IDR,FMII
indonesia,Gading Development,Gading Development Tbk,ID1000123201,IDR,GAMA
indonesia,Gajah Tunggal,Gajah Tunggal Tbk,ID1000086002,IDR,GJTL
indonesia,Garda Tujuh Buana,Garda Tujuh Buana Tbk,ID1000113004,IDR,GTBO
indonesia,Garuda Indonesia,Garuda Indonesia Persero Tbk,ID1000118300,IDR,GIAA
indonesia,Gema Grahasarana,Gema Grahasarana Tbk,ID1000092505,IDR,GEMA
indonesia,Global Mediacom,Global Mediacom Tbk,ID1000105604,IDR,BMTR
indonesia,Global Teleshop,Global Teleshop Tbk,ID1000123706,IDR,GLOB
indonesia,Golden Eagle Energy,Golden Eagle Energy Tbk,ID1000100704,IDR,SMMT
indonesia,Visi Telekomunikasi,Visi Telekomunikasi Infrastruktur Tbk PT,ID1000116205,IDR,GOLD
indonesia,Gowa Makassar,Gowa Makassar Tourism Develop,ID1000064009,IDR,GMTD
indonesia,Gozco Plantations,Gozco Plantations Tbk,ID1000110604,IDR,GZCO
indonesia,Graha Layar Prima,Graha Layar Prima Tbk,ID1000131402,IDR,BLTZ
indonesia,Grand Kartech,Grand Kartech Tbk,ID1000129505,IDR,KRAH
indonesia,Greenwood Sejahtera,Greenwood Sejahtera Tbk,ID1000121809,IDR,GWSA
indonesia,Gudang Garam,Gudang Garam Tbk,ID1000068604,IDR,GGRM
indonesia,Gunawan Dianjaya Steel,Gunawan Dianjaya Steel Tbk,ID1000113806,IDR,GDST
indonesia,Harum Energy,Harum Energy Tbk,ID1000116601,IDR,HRUM
indonesia,Hero Supermarket,Hero Supermarket Tbk,ID1000122708,IDR,HERO
indonesia,Hexindo Adiperkasa,Hexindo Adiperkasa Tbk,ID1000102205,IDR,HEXA
indonesia,Holcim Indonesia,Holcim Indonesia Tbk,ID1000072309,IDR,SMCB
indonesia,Hotel Mandarine Regency,Hotel Mandarine Regency Tbk PT,ID1000111404,IDR,HOME
indonesia,Hotel Sahid Jaya,Hotel Sahid Jaya Tbk,ID1000068505,IDR,SHID
indonesia,Ictsi Jasa Prima,Ictsi Jasa Prima Tbk,ID1000079205,IDR,KARW
indonesia,Indonesia Trans & Infr,Indonesia Transport & Infrastructure,ID1000104409,IDR,IATA
indonesia,Indah Kiat Pulp & Paper,Indah Kiat Pulp & Paper Tbk,ID1000062201,IDR,INKP
indonesia,Indal Aluminium,Indal Aluminium Industry Tbk,ID1000130800,IDR,INAI
indonesia,Indika Energy,Indika Energy Tbk,ID1000110901,IDR,INDY
indonesia,Indo Acidatama,Indo Acidatama Tbk,ID1000102601,IDR,SRSN
indonesia,Indo Tambangraya,Indo Tambangraya Megah Tbk,ID1000108509,IDR,ITMG
indonesia,Indocement Tunggal,Indocement Tunggal Prakarsa,ID1000061302,IDR,INTP
indonesia,Indofarma,Indofarma Tbk,ID1000068406,IDR,INAF
indonesia,Indofood Cbp,Indofood Cbp Sukses Makmur Tbk,ID1000116700,IDR,ICBP
indonesia,Indofood,Indofood Sukses Makmur Tbk,ID1000057003,IDR,INDF
indonesia,Indomobil Multi Jasa,Indomobil Multi Jasa Tbk,ID1000129901,IDR,IMJS
indonesia,Indomobil Sukses,Indomobil Sukses Internasional,ID1000123003,IDR,IMAS
indonesia,Indopoly Swakarsa,Indopoly Swakarsa Industry Tbk,ID1000115900,IDR,IPOL
indonesia,Indoritel Makmur,Indoritel Makmur Internasional,ID1000063605,IDR,DNET
indonesia,Indosat,Indosat Tbk,ID1000097405,IDR,ISAT
indonesia,Indospring,Indospring Tbk,ID1000072002,IDR,INDS
indonesia,Jamu dan Farmasi Sido,Industri Jamu dan Farmasi Sido Muncul Tbk PT,ID1000130305,IDR,SIDO
indonesia,Intanwijaya,Intanwijaya Internasional Tbk,ID1000064504,IDR,INCI
indonesia,Intermedia Capital,Intermedia Capital Tbk,ID1000131303,IDR,MDIA
indonesia,Inti Bangun Sejahtera,Inti Bangun Sejahtera Tbk,ID1000124506,IDR,IBST
indonesia,Intikeramik Alamasri,Intikeramik Alamasri Industri,ID1000076201,IDR,IKAI
indonesia,Intiland Development,Intiland Development Tbk,ID1000116403,IDR,DILD
indonesia,Intraco Penta,Intraco Penta Tbk,ID1000119209,IDR,INTA
indonesia,Island Concepts,Island Concepts Indonesia Tbk,ID1000112204,IDR,ICON
indonesia,J Resources,J Resources Asia Pasifik Tbk,ID1000094709,IDR,PSAB
indonesia,Jaya Agra Wattie,Jaya Agra Wattie Tbk,ID1000119001,IDR,JAWA
indonesia,Japfa Comfeed Indonesia,Japfa Comfeed Indonesia Tbk,ID1000126907,IDR,JPFA
indonesia,Jasa Marga,Jasa Marga Tbk,ID1000108103,IDR,JSMR
indonesia,Jasuindo Tiga Perkasa,Jasuindo Tiga Perkasa Tbk,ID1000120603,IDR,JTPE
indonesia,Jaya Konstruksi,Jaya Konstruksi Manggala Pratama,ID1000129307,IDR,JKON
indonesia,Jaya Real Property,Jaya Real Property Tbk,ID1000128903,IDR,JRPT
indonesia,Jembo Cable Company,Jembo Cable Company Tbk,ID1000074305,IDR,JECC
indonesia,Jakarta Int Hotels & Dev,Jakarta Int Hotels & Dev,ID1000097900,IDR,JIHD
indonesia,Kawasan Jababeka,Kawasan Industri Jababeka Tbk,ID1000072507,IDR,KIJA
indonesia,Kalbe Farma,Kalbe Farma Tbk,ID1000125107,IDR,KLBF
indonesia,Kedawung Setia,Kedawung Setia Industrial Tbk,ID1000054703,IDR,KDSI
indonesia,Keramika Indonesia,Keramika Indonesia Assosiasi,ID1000088206,IDR,KIAS
indonesia,Kertas Basuki Rachmat,Kertas Basuki Rachmat Indonesia,ID1000116809,IDR,KBRI
indonesia,Kimia Farma Persero,Kimia Farma Persero Tbk,ID1000070303,IDR,KAEF
indonesia,Kmi Wire And Cable,Kmi Wire And Cable Tbk,ID1000071806,IDR,KBLI
indonesia,Kobexindo Tractors,Kobexindo Tractors Tbk,ID1000123508,IDR,KOBX
indonesia,Krakatau Steel Persero,Krakatau Steel Persero Tbk,ID1000117005,IDR,KRAS
indonesia,Kresna Graha Investama,Kresna Graha Investama Tbk PT,ID1000124308,IDR,KREN
indonesia,Langgeng Makmur,Langgeng Makmur Industri Tbk,ID1000062409,IDR,LMPI
indonesia,Lautan Luas,Lautan Luas Tbk,ID1000133507,IDR,LTLS
indonesia,Leyand International,Leyand International Tbk,ID1000071004,IDR,LAPD
indonesia,Lippo Cikarang,Lippo Cikarang Tbk,ID1000080302,IDR,LPCK
indonesia,Lippo General Insurance,Lippo General Insurance Tbk,ID1000068109,IDR,LPGI
indonesia,Lippo Karawaci,Lippo Karawaci Tbk,ID1000108905,IDR,LPKR
indonesia,Lippo Securities,Lippo Securities Tbk,ID1000119803,IDR,LPPS
indonesia,Logindo Samudramakmur,Logindo Samudramakmur Tbk,ID1000134000,IDR,LEAD
indonesia,PP London Sumatra,PP London Sumatra Indonesia,ID1000118409,IDR,LSIP
indonesia,Mahaka Media,Mahaka Media Tbk,ID1000087208,IDR,ABBA
indonesia,Malindo Feedmill,Malindo Feedmill Tbk,ID1000119407,IDR,MAIN
indonesia,Mandom Indonesia,Mandom Indonesia Tbk,ID1000053002,IDR,TCID
indonesia,Martina Berto,Martina Berto Tbk,ID1000118102,IDR,MBTO
indonesia,Matahari,Matahari Department Store Tbk,ID1000113301,IDR,LPPF
indonesia,Matahari Putra Prima,Matahari Putra Prima Tbk,ID1000125909,IDR,MPPA
indonesia,Mayora Indah,Mayora Indah Tbk,ID1000060007,IDR,MYOR
indonesia,Medco Energi,Medco Energi Internasional Tbk,ID1000053705,IDR,MEDC
indonesia,Media Nusantara Citra,Media Nusantara Citra Tbk,ID1000106206,IDR,MNCN
indonesia,Megapolitan Dev,Megapolitan Developments Tbk,ID1000118003,IDR,EMDE
indonesia,Metrodata Electronics,Metrodata Electronics Tbk,ID1000055007,IDR,MTDL
indonesia,Metropolitan Land,Metropolitan Land Tbk,ID1000119308,IDR,MTLA
indonesia,Midi Utama Indonesia,Midi Utama Indonesia Tbk,ID1000117302,IDR,MIDI
indonesia,Millennium Pharma,Millennium Pharmacon International,ID1000072804,IDR,SDPC
indonesia,Minna Padi Investama,Minna Padi Investama Tbk,ID1000121908,IDR,PADI
indonesia,Mitra Adiperkasa,Mitra Adiperkasa Tbk,ID1000099807,IDR,MAPI
indonesia,Mitra Int,Mitra International Resources,ID1000110703,IDR,MIRA
indonesia,Mitra Investindo,Mitra Investindo Tbk,ID1000131709,IDR,MITI
indonesia,Mitra Pinasthika,Mitra Pinasthika Mustika,ID1000127202,IDR,MPMX
indonesia,Mitrabahtera Segara,Mitrabahtera Segara Sejati Tbk,ID1000118607,IDR,MBSS
indonesia,Mnc Investama,Mnc Investama Tbk,ID1000064207,IDR,BHIT
indonesia,Mnc Kapital Ind,Mnc Kapital Indonesia Tbk,ID1000069701,IDR,BCAP
indonesia,Mnc Land,Mnc Land Tbk,ID1000052301,IDR,KPIG
indonesia,Mnc Sky Vision,Mnc Sky Vision Tbk,ID1000123607,IDR,MSKY
indonesia,Modern Internasional,Modern Internasional Tbk,ID1000123300,IDR,MDRN
indonesia,Modernland Realty Ltd,Modernland Realty Ltd Tbk,ID1000129604,IDR,MDLN
indonesia,Mulia Industrindo,Mulia Industrindo Tbk,ID1000060106,IDR,MLIA
indonesia,Multi Agro Gemilang Plantation,Multi Agro Gemilang Plantation Tbk PT,ID1000126402,IDR,MAGP
indonesia,Multi Bintang Ind,Multi Bintang Indonesia Tbk,ID1000132806,IDR,MLBI
indonesia,Multi Indocitra,Multi Indocitra Tbk,ID1000102809,IDR,MICE
indonesia,Multi Prima Sejahtera,Multi Prima Sejahtera Tbk,ID1000086408,IDR,LPIN
indonesia,Multipolar,Multipolar Tbk,ID1000115207,IDR,MLPL
indonesia,Multipolar Technology,Multipolar Technology Tbk,ID1000128408,IDR,MLPT
indonesia,Multistrada Arah Sarana,Multistrada Arah Sarana Tbk,ID1000101207,IDR,MASA
indonesia,Mustika Ratu,Mustika Ratu Tbk,ID1000092604,IDR,MRAT
indonesia,Nippon,Nippon Indosari Corpindo Tbk,ID1000129703,IDR,ROTI
indonesia,Nipress,Nipress Tbk,ID1000129802,IDR,NIPS
indonesia,Nirvana Development,Nirvana Development Tbk,ID1000124605,IDR,NIRO
indonesia,Nusa Konstruksi,Nusa Konstruksi Enjiniring Tbk,ID1000108806,IDR,DGIK
indonesia,Nusa Raya Cipta,Nusa Raya Cipta Tbk,ID1000127608,IDR,NRCA
indonesia,Nusantara Infra,Nusantara Infrastructure Tbk,ID1000116304,IDR,META
indonesia,Perusahaan Gas Negara,Perusahaan Gas Negara Persero,ID1000111602,IDR,PGAS
indonesia,Pembangunan Jaya Ancol,Pembangunan Jaya Ancol Tbk,ID1000103807,IDR,PJAA
indonesia,Pacific Strategic,Pacific Strategic Financial,ID1000101009,IDR,APIC
indonesia,Pakuwon Jati,Pakuwon Jati Tbk,ID1000122500,IDR,PWON
indonesia,Pan Brothers,Pan Brothers Tbk,ID1000119506,IDR,PBRX
indonesia,Panin Financial,Panin Financial Tbk,ID1000095607,IDR,PNLF
indonesia,Paninvest,Paninvest Tbk,ID1000094907,IDR,PNIN
indonesia,Panin Sekuritas,Panin Sekuritas Tbk,ID1000109200,IDR,PANS
indonesia,Panorama Sentrawisata,Panorama Sentrawisata Tbk,ID1000109705,IDR,PANR
indonesia,Weha Transportasi,Weha Transportasi Indonesia TBK,ID1000105901,IDR,WEHA
indonesia,Pelangi Indah Canindo,Pelangi Indah Canindo Tbk,ID1000088404,IDR,PICO
indonesia,Pelat Timah Nusantara,Pelat Timah Nusantara Tbk,ID1000113608,IDR,NIKL
indonesia,Pelayaran Nasional,Pelayaran Nasional Bina Buana Raya,ID1000126204,IDR,BBRM
indonesia,Perdana Gapura Prima,Perdana Gapura Prima Tbk,ID1000107501,IDR,GPRA
indonesia,Perdana Karya Perkasa,Perdana Karya Perkasa Tbk,ID1000106404,IDR,PKPK
indonesia,Petrosea,Petrosea Tbk,ID1000122401,IDR,PTRO
indonesia,Polaris Investama,Polaris Investama Tbk,ID1000097306,IDR,PLAS
indonesia,Polychem Indonesia,Polychem Indonesia Tbk,ID1000090202,IDR,ADMG
indonesia,Pp Persero,Pp Persero Tbk,ID1000114002,IDR,PTPP
indonesia,Prima Alloy Steel,Prima Alloy Steel Universal,ID1000102403,IDR,PRAS
indonesia,Pudjiadi Prestige,Pudjiadi Prestige Tbk,ID1000080609,IDR,PUDP
indonesia,Pyridam Farma,Pyridam Farma Tbk,ID1000075609,IDR,PYFA
indonesia,Radiant Utama,Radiant Utama Interinsco Tbk,ID1000103708,IDR,RUIS
indonesia,Ramayana Lestari,Ramayana Lestari Sentosa Tbk,ID1000099500,IDR,RALS
indonesia,Ratu Prabu Energi,Ratu Prabu Energi Tbk,ID1000094808,IDR,ARTI
indonesia,Renuka Coalindo,Renuka Coalindo Tbk,ID1000098601,IDR,SQMI
indonesia,Resource Alam Indonesia,Resource Alam Indonesia Tbk,ID1000114309,IDR,KKGI
indonesia,Rimo International Lestari,Rimo International Lestari Tbk PT,ID1000062706,IDR,RIMO
indonesia,Ristia Bintang,Ristia Bintang Mahkotasejati,ID1000058100,IDR,RBMS
indonesia,Rukun Raharja,Rukun Raharja Tbk,ID1000094105,IDR,RAJA
indonesia,Salim Ivomas Pratama,Salim Ivomas Pratama Tbk,ID1000119100,IDR,SIMP
indonesia,Samindo Resources,Samindo Resources Tbk,ID1000120900,IDR,MYOH
indonesia,Sampoerna Agro,Sampoerna Agro Tbk,ID1000106107,IDR,SGRO
indonesia,Sarana Meditama,Sarana Meditama Metropolitan,ID1000126303,IDR,SAME
indonesia,Sarana Menara Nusantara,Sarana Menara Nusantara Tbk,ID1000128804,IDR,TOWR
indonesia,Saranacentral Bajatama,Saranacentral Bajatama Tbk,ID1000121700,IDR,BAJA
indonesia,Saraswati Griya Lestari,Saraswati Griya Lestari Tbk,ID1000126501,IDR,HOTL
indonesia,Saratoga Investama,Saratoga Investama Sedaya,ID1000127707,IDR,SRTG
indonesia,Sat Nusapersada,Sat Nusapersada Tbk,ID1000107808,IDR,PTSN
indonesia,Sawit Sumbermas Sarana,Sawit Sumbermas Sarana Tbk,ID1000130008,IDR,SSMS
indonesia,Sejahteraraya,Sejahteraraya Anugrahjaya Tbk,ID1000118706,IDR,SRAJ
indonesia,Selamat Sempurna,Selamat Sempurna Tbk,ID1000095409,IDR,SMSM
indonesia,Semen Baturaja Persero,Semen Baturaja Persero Tbk,ID1000127806,IDR,SMBR
indonesia,Semen Indonesia Persero,Semen Indonesia Persero Tbk,ID1000106800,IDR,SMGR
indonesia,Sentul City,Sentul City Tbk,ID1000104201,IDR,BKSL
indonesia,Siantar Top,Siantar Top Tbk,ID1000079502,IDR,STTP
indonesia,Sidomulyo Selaras,Sidomulyo Selaras Tbk,ID1000120108,IDR,SDMU
indonesia,Sierad Produce,Sierad Produce Tbk,ID1000133606,IDR,SIPD
indonesia,Siloam International,Siloam International Hospitals,ID1000129208,IDR,SILO
indonesia,Sinar Mas Multiartha,Sinar Mas Multiartha Tbk,ID1000094501,IDR,SMMA
indonesia,Slj Global,Slj Global Tbk,ID1000088909,IDR,SULI
indonesia,Smart,Smart Tbk,ID1000101504,IDR,SMAR
indonesia,Smartfren Telecom,Smartfren Telecom Tbk,ID1000122302,IDR,FREN
indonesia,Solusi Tunas Pratama,Solusi Tunas Pratama Tbk,ID1000120702,IDR,SUPR
indonesia,Sri Rejeki Isman,Sri Rejeki Isman Tbk,ID1000127400,IDR,SRIL
indonesia,Star Pacific,Star Pacific Tbk,ID1000100902,IDR,LPLI
indonesia,Star Petrcohem,Star Petrcohem Tbk,ID1000120306,IDR,STAR
indonesia,Steel Pipe Ind,Steel Pipe Industry Of Indonesia,ID1000126709,IDR,ISSP
indonesia,Sugih Energy,Sugih Energy Tbk,ID1000092000,IDR,SUGI
indonesia,Sumber Alfaria Trijaya,Sumber Alfaria Trijaya Tbk,ID1000128705,IDR,AMRT
indonesia,Summarecon Agung,Summarecon Agung Tbk,ID1000092406,IDR,SMRA
indonesia,Suparma,Suparma Tbk,ID1000054307,IDR,SPMA
indonesia,Supra Boga Lestari,Supra Boga Lestari Tbk,ID1000122906,IDR,RANC
indonesia,Surya Citra Media,Surya Citra Media Tbk,ID1000125305,IDR,SCMA
indonesia,Surya Esa Perkasa,Surya Esa Perkasa Tbk,ID1000122203,IDR,ESSA
indonesia,Surya Semesta,Surya Semesta Internusa Tbk,ID1000119902,IDR,SSIA
indonesia,Tanah Laut,Tanah Laut Tbk,ID1000102007,IDR,INDX
indonesia,Tambang Batubara,Tambang Batubara Bukit Asam,ID1000094006,IDR,PTBA
indonesia,Telekomunikasi,Telekomunikasi Indonesia Persero,ID1000129000,IDR,TLKM
indonesia,Tempo Inti Media,Tempo Inti Media Tbk,ID1000064801,IDR,TMPO
indonesia,Tempo Scan Pacific,Tempo Scan Pacific Tbk,ID1000104508,IDR,TSPC
indonesia,Tifa Finance,Tifa Finance Tbk,ID1000120504,IDR,TIFA
indonesia,Timah Persero,Timah Persero Tbk,ID1000111800,IDR,TINS
indonesia,Tiphone Mobile,Tiphone Mobile Indonesia Tbk,ID1000122104,IDR,TELE
indonesia,Tirta Mahakam,Tirta Mahakam Resources Tbk,ID1000053408,IDR,TIRT
indonesia,Pabrik Kertas Tjiwi,Pabrik Kertas Tjiwi Kimia Tbk,ID1000060403,IDR,TKIM
indonesia,Toba Bara Sejahtra,Toba Bara Sejahtra Tbk,ID1000123409,IDR,TOBA
indonesia,Toba Pulp Lestari,Toba Pulp Lestari Tbk,ID1000094303,IDR,INRU
indonesia,Total Bangun Persada,Total Bangun Persada Tbk,ID1000104003,IDR,TOTL
indonesia,Tower Bersama,Tower Bersama Infrastructure Tbk PT,ID1000116908,IDR,TBIG
indonesia,Trada Maritime,Trada Maritime Tbk,ID1000111909,IDR,TRAM
indonesia,Tri Banyan Tirta,Tri Banyan Tirta Tbk,ID1000123805,IDR,ALTO
indonesia,Trimegah Securities,Trimegah Securities Tbk,ID1000052608,IDR,TRIM
indonesia,Trisula International,Trisula International Tbk,ID1000123102,IDR,TRIS
indonesia,Triwira Insanlestari,Triwira Insanlestari Tbk,ID1000109408,IDR,TRIL
indonesia,Tunas Alfin,Tunas Alfin Tbk,ID1000130107,IDR,TALF
indonesia,Tunas Baru Lampung,Tunas Baru Lampung Tbk,ID1000076706,IDR,TBLA
indonesia,Ultra Jaya Milk,Ultra Jaya Milk Industry Tbk,ID1000063100,IDR,ULTJ
indonesia,Unilever Indonesia,Unilever Indonesia Tbk,ID1000095706,IDR,UNVR
indonesia,United Tractors,United Tractors Tbk,ID1000058407,IDR,UNTR
indonesia,Vale Indonesia,Vale Indonesia Tbk,ID1000109309,IDR,INCO
indonesia,Verena Multi Finance,Verena Multi Finance Tbk,ID1000111008,IDR,VRNA
indonesia,Victoria Investama,Victoria Investama Tbk,ID1000128002,IDR,VICO
indonesia,Visi Media Asia,Visi Media Asia Tbk,ID1000121304,IDR,VIVA
indonesia,Voksel Electric,Voksel Electric Tbk,ID1000083900,IDR,VOKS
indonesia,Wahana Ottomitra,Wahana Ottomitra Multiartha,ID1000100209,IDR,WOMF
indonesia,Wahana Pronatural,Wahana Pronatural,ID1000070204,IDR,WAPO
indonesia,Waskita Karya,Waskita Karya Persero Tbk,ID1000126105,IDR,WSKT
indonesia,Wicaksana Overseas,Wicaksana Overseas International,ID1000066301,IDR,WICO
indonesia,Wijaya Karya,Wijaya Karya Tbk,ID1000107600,IDR,WIKA
indonesia,Wijaya Karya Beton,Wijaya Karya Beton,ID1000131105,IDR,WTON
indonesia,Wilmar Cahaya Ind,Wilmar Cahaya Indonesia Tbk,ID1000135007,IDR,CEKA
indonesia,Wintermar,Wintermar Offshore Marine Tbk,ID1000117500,IDR,WINS
indonesia,Wismilak Inti Makmur,Wismilak Inti Makmur Tbk,ID1000126006,IDR,WIIM
indonesia,Xl Axiata,Xl Axiata Tbk,ID1000102502,IDR,EXCL
indonesia,Yanaprima Hastapersada,Yanaprima Hastapersada Tbk,ID1000109804,IDR,YPAS
indonesia,Zebra Nusantara,Zebra Nusantara Tbk,ID1000055502,IDR,ZBRA
indonesia,Bali Towerindo Sentra,Bali Towerindo Sentra Tbk,ID1000135106,IDR,BALI
indonesia,Eka Sari Lorena,Eka Sari Lorena Transport Tbk,ID1000131204,IDR,LRNA
indonesia,Indonesian Paradise,Indonesian Paradise Property,ID1000100001,IDR,INPP
indonesia,Nusantara Inti Corpora,Nusantara Inti Corpora Tbk,ID1000101108,IDR,UNIT
indonesia,Unggul Indah Cahaya,Unggul Indah Cahaya Tbk,ID1000058704,IDR,UNIC
indonesia,Asuransi Bina Dana Arta,Asuransi Bina Dana Arta Tbk,ID1000073406,IDR,ABDA
indonesia,Batavia Prosperindo Fin,Batavia Prosperindo Finance,ID1000112600,IDR,BPFI
indonesia,Lion Metal Works,Lion Metal Works Tbk,ID1000135403,IDR,LION
indonesia,Sumi Indo Kabel,Sumi Indo Kabel Tbk,ID1000083009,IDR,IKBI
indonesia,Dian Swastatika,Dian Swastatika Sentosa Tbk,ID1000113400,IDR,DSSA
indonesia,Asuransi Bintang,Asuransi Bintang Tbk,ID1000058506,IDR,ASBI
indonesia,Chitose Internasional,Chitose Internasional Tbk,ID1000131907,IDR,CINT
indonesia,Link Net,Link Net Tbk,ID1000131808,IDR,LINK
indonesia,Soechi Lines,Soechi Lines Tbk,ID1000132905,IDR,SOCI
indonesia,Intan Baruprana Finance,Intan Baruprana Finance Tbk,ID1000133101,IDR,IBFN
indonesia,Bank Agris,Bank Agris Tbk,ID1000133309,IDR,AGRS
indonesia,Golden Plantation,Golden Plantation Tbk,ID1000133200,IDR,GOLL
indonesia,Tembaga Mulia Semanan,Tembaga Mulia Semanan Tbk,ID1000066400,IDR,TBMS
indonesia,Hm Sampoerna,Hm Sampoerna Tbk,ID1000074008,IDR,HMSP
indonesia,Mas Murni Indonesia,Mas Murni Indonesia Tbk,ID1000082506,IDR,MAMI
indonesia,Goodyear Indonesia,Goodyear Indonesia Tbk,ID1000134802,IDR,GDYR
indonesia,Asuransi Jasa Tania,Asuransi Jasa Tania Tbk,ID1000135205,IDR,ASJT
indonesia,Bank Cimb Niaga,Bank Cimb Niaga Tbk,ID1000098007,IDR,BNGA
indonesia,Yulie Sekurindo,Yulie Sekurindo Tbk,ID1000100100,IDR,YULE
indonesia,Panca Global,Panca Global Securities Tbk,ID1000101405,IDR,PEGE
indonesia,Hd Capital,Hd Capital Tbk,ID1000107006,IDR,HADE
indonesia,Humpuss,Humpuss Intermoda Transportasi,ID1000107105,IDR,HITS
indonesia,Batavia Prosperindo Int,Batavia Prosperindo Int,ID1000132004,IDR,BPII
indonesia,Magna Finance,Magna Finance Tbk,ID1000132103,IDR,MGNA
indonesia,Sitara Propertindo,Sitara Propertindo Tbk,ID1000132202,IDR,TARA
indonesia,Bank Dinar Indonesia,Bank Dinar Indonesia Tbk,ID1000132301,IDR,DNAR
indonesia,Mitrabara Adiperdana,Mitrabara Adiperdana Tbk,ID1000132400,IDR,MBAP
indonesia,Blue Bird,Blue Bird Tbk,ID1000132707,IDR,BIRD
indonesia,Impack Pratama Industri,Impack Pratama Industri Tbk,ID1000133002,IDR,IMPC
indonesia,Indonesia Prima,Indonesia Prima Property Tbk,ID1000075401,IDR,OMRE
indonesia,Siwani Makmur,Siwani Makmur Tbk,ID1000063902,IDR,SIMA
indonesia,Bank Yudha Bhakti,Bank Yudha Bhakti Tbk,ID1000133408,IDR,BBYB
indonesia,Roda Vivatex,Roda Vivatex Tbk,ID1000067200,IDR,RDTX
indonesia,Merck,Merck Tbk,ID1000136609,IDR,MERK
indonesia,Jakarta Setiabudi,Jakarta Setiabudi Internasional,ID1000082001,IDR,JSPT
indonesia,Citra Tubindo,Citra Tubindo Tbk,ID1000112303,IDR,CTBN
indonesia,Sekar Laut,Sekar Laut Tbk,ID1000059702,IDR,SKLT
indonesia,Danasupra,Danasupra Erapacific Tbk,ID1000136104,IDR,DEFI
indonesia,Inti Kapuas Arowana,Inti Kapuas Arowana Tbk,ID1000100506,IDR,IIKP
indonesia,Trust Finance Ind,Trust Finance Indonesia Tbk,ID1000134901,IDR,TRUS
indonesia,Bintang Mitra,Bintang Mitra Semestaraya Tbk,ID1000079908,IDR,BMSR
indonesia,Tira Austenite,Tira Austenite Tbk,ID1000061005,IDR,TIRA
indonesia,Inter-Delta,Inter-Delta Tbk,ID1000085103,IDR,INTD
indonesia,Mitra Keluarga Karyasehat,Mitra Keluarga Karyasehat Tbk PT,ID1000135700,IDR,MIKA
indonesia,Red Planet Indonesia Tbk,Red Planet Indonesia Tbk,ID1000087802,IDR,PSKT
indonesia,Mitra Energi Persada,Mitra Energi Persada Tbk PT,ID1000131501,IDR,KOPI
indonesia,Alakasa Industrindo Tbk,Alakasa Industrindo Tbk,ID1000076904,IDR,ALKA
indonesia,PP Properti Tbk PT,PP Properti Tbk PT,ID1000133903,IDR,PPRO
indonesia,Argo Pantes Tbk,Argo Pantes Tbk,ID1000083702,IDR,ARGO
indonesia,Puradelta Lestari Tbk Pt,Puradelta Lestari Tbk Pt,ID1000134109,IDR,DMAS
indonesia,Radana Bhaskara Finance Tbk,Radana Bhaskara Finance Tbk,ID1000118805,IDR,HDFA
indonesia,Merdeka Copper Gold TBK PT,Merdeka Copper Gold TBK PT,ID1000134406,IDR,MDKA
indonesia,Mega Manunggal Property,Mega Manunggal Property TBK PT,ID1000134307,IDR,MMLP
indonesia,Steady Safe TBK PT,Steady Safe TBK PT,ID1000067309,IDR,SAFE
indonesia,Bukaka Teknik Utama,Bukaka Teknik Utama Tbk Pt,ID1000080807,IDR,BUKK
indonesia,Anabatic Technologies Tbk,Anabatic Technologies Tbk PT,ID1000134505,IDR,ATIC
indonesia,Binakarya Jaya Abadi Tbk PT,Binakarya Jaya Abadi Tbk PT,ID1000134703,IDR,BIKA
indonesia,Garuda Metalindo Tbk,Garuda Metalindo Tbk PT,ID1000134604,IDR,BOLT
indonesia,Bank Harda Internasional Tbk PT,Bank Harda Internasional Tbk PT,ID1000135304,IDR,BBHI
indonesia,Victoria Insurance Tbk PT,Victoria Insurance Tbk PT,ID1000135601,IDR,VINS
indonesia,Mitra Komunikasi Nusantara Tbk PT,Mitra Komunikasi Nusantara Tbk PT,ID1000135908,IDR,MKNT
indonesia,Ateliers Mecaniques D’Indonesie,Ateliers Mecaniques D’Indonesie Tbk PT,ID1000136302,IDR,AMIN
indonesia,Primarindo Asia Infrastructure Tbk,Primarindo Asia Infrastructure Tbk PT,ID1000075005,IDR,BIMA
indonesia,Dua Putra Utama Makmur PT,Dua Putra Utama Makmur PT,ID1000136203,IDR,DPUM
indonesia,Indonesia Pondasi Raya Tbk PT,Indonesia Pondasi Raya Tbk PT,ID1000136401,IDR,IDPR
indonesia,Kino Indonesia Tbk PT,Kino Indonesia Tbk PT,ID1000136500,IDR,KINO
indonesia,Bank Artos Indonesia,Bank Artos Indonesia Tbk PT,ID1000136708,IDR,ARTO
indonesia,Mahaka Radio,Mahaka Radio Integra Tbk PT,ID1000136906,IDR,MARI
indonesia,Mitra Pemuda,Mitra Pemuda Tbk PT,ID1000136807,IDR,MTRA
indonesia,Bank Ganesha Tbk PT,Bank Ganesha Tbk PT,ID1000137003,IDR,BGTG
indonesia,Cikarang Listrindo,Cikarang Listrindo Tbk PT,ID1000137201,IDR,POWR
indonesia,Duta Intidaya,Duta Intidaya Tbk PT,ID1000137300,IDR,DAYA
indonesia,Sillo Maritime Perdana,Sillo Maritime Perdana Tbk PT,ID1000137102,IDR,SHIP
indonesia,Graha Andrasentra,Graha Andrasentra Propertindo Tbk PT,ID1000137409,IDR,JGLE
indonesia,Capital Financial Ind,Capital Financial Indonesia Tbk PT,ID1000137508,IDR,CASA
indonesia,Protech Mitra Perkasa,Protech Mitra Perkasa Tbk PT,ID1000137607,IDR,OASA
indonesia,Indo Komoditi Korpora,Indo Komoditi Korpora Tbk PT,ID1000086200,IDR,INCF
indonesia,Waskita Beton Precast,Waskita Beton Precast Tbk PT,ID1000137706,IDR,WSBP
indonesia,Aneka Gas,Aneka Gas Industri Tbk PT,ID1000137805,IDR,AGII
indonesia,Paramita Bangun Sarana,Paramita Bangun Sarana Tbk PT,ID1000137904,IDR,PBSA
indonesia,Prodia Widyahusada,Prodia Widyahusada Tbk PT,ID1000138001,IDR,PRDA
indonesia,Bintang Oto Global,Bintang Oto Global Tbk PT,ID1000138100,IDR,BOGA
indonesia,Nusantara Pelabuhan,Nusantara Pelabuhan Handal Tbk PT,ID1000138209,IDR,PORT
indonesia,Anugerah Kagum Karya,Anugerah Kagum Karya Utama Tbk PT,ID1000099609,IDR,AKKU
indonesia,Central Omega Resources,Central Omega Resources Tbk PT,ID1000124100,IDR,DKFT
indonesia,Sumber Energi Andalan,Sumber Energi Andalan Tbk PT,ID1000089105,IDR,ITMA
indonesia,Perdana Bangun Pusaka,Perdana Bangun Pusaka Tbk PT,ID1000079809,IDR,KONI
indonesia,Industri Dan Perdagangan,Industri Dan Perdagangan Bintraco Dharma Tbk PT,ID1000138308,IDR,CARS
indonesia,Forza Land Indonesia,Forza Land Indonesia Tbk PT,ID1000138407,IDR,FORZ
indonesia,Sanurhasta Mitra,Sanurhasta Mitra PT,ID1000138506,IDR,MINA
indonesia,Sariguna Primatirta,Sariguna Primatirta PT,ID1000138605,IDR,CLEO
indonesia,PT Cahayasakti Investindo,PT Cahayasakti Investindo Sukses Tbk,ID1000138704,IDR,CSIS
indonesia,PT Pelayaran Tamarin,PT Pelayaran Tamarin Samudra Tbk,ID1000138803,IDR,TAMU
indonesia,Terregra Asia,Terregra Asia Energy PT,ID1000138902,IDR,TGRA
indonesia,Megapower Makmur,Megapower Makmur TBK PT,ID1000139900,IDR,MPOW
indonesia,Armidian Karyatama,Armidian Karyatama Tbk PT,ID1000139603,IDR,ARMY
indonesia,Totalindo Eka Persada,Totalindo Eka Persada Tbk PT,ID1000139207,IDR,TOPS
indonesia,Buyung Poetra Sembada,Buyung Poetra Sembada Tbk PT,ID1000139801,IDR,HOKI
indonesia,Kirana Megatara,Kirana Megatara Tbk PT,ID1000139306,IDR,KMTR
indonesia,Hartadinata Abadi,Hartadinata Abadi Tbk PT,ID1000139405,IDR,HRTA
indonesia,Integra Indocabinet,Integra Indocabinet Tbk PT,ID1000139504,IDR,WOOD
indonesia,Alfa Energi Investama,Alfa Energi Investama Tbk PT,ID1000139009,IDR,FIRE
indonesia,Map Boga Adiperkasa,Map Boga Adiperkasa Tbk PT,ID1000139702,IDR,MAPB
indonesia,Marga Abhinaya Abadi,Marga Abhinaya Abadi Tbk PT,ID1000140007,IDR,MABA
indonesia,Mark Dynamics Indonesia,Mark Dynamics Indonesia Tbk PT,ID1000140106,IDR,MARK
indonesia,Ayana Land,Ayana Land International Tbk PT,ID1000140205,IDR,NASA
indonesia,Emdeki Utama,Emdeki Utama Tbk PT,ID1000140304,IDR,MDKI
indonesia,Trisula Textile,Trisula Textile Industries Tbk PT,ID1000140502,IDR,BELL
indonesia,Kioson Komersial,Kioson Komersial Indonesia Tbk PT,ID1000140403,IDR,KIOS
indonesia,Garuda Maintenance Facility,Garuda Maintenance Facility AeroAsia Tbk PT,ID1000140601,IDR,GMFI
indonesia,Malacca Trust Wuwungan,Malacca Trust Wuwungan Insurance PT,ID1000140700,IDR,MTWI
indonesia,Kapuas Prima Coal,Kapuas Prima Coal Tbk PT,ID1000140809,IDR,ZINC
indonesia,Majapahit Intiora,Majapahit Inti Corpora Tbk PT,ID1000070709,IDR,AKSI
indonesia,Pembangunan Perumahan,Pembangunan Perumahan Presisi PT,ID1000141005,IDR,PPRE
indonesia,Wijaya Karya Bangunan Gedung,Wijaya Karya Bangunan Gedung Tbk PT,ID1000141104,IDR,WEGE
indonesia,M Cash Integrasi PT,M Cash Integrasi Tbk PT,ID1000140908,IDR,MCAS
indonesia,Pelita Samudera,Pelita Samudera Shipping Tbk PT,ID1000141203,IDR,PSSI
indonesia,Asuransi Jiwa Syariah,Asuransi Jiwa Syariah Jasa Mitra Abadi Tbk PT,ID1000141609,IDR,JMAS
indonesia,Campina Ice Cream,Campina Ice Cream Industry Tbk PT,ID1000141500,IDR,CAMP
indonesia,Dwi Guna Laksana,Dwi Guna Laksana Tbk PT,ID1000141302,IDR,DWGL
indonesia,Jasa Armada Indonesia,Jasa Armada Indonesia Tbk PT,ID1000141708,IDR,IPCM
indonesia,Panca Budi Idaman,Panca Budi Idaman Tbk PT,ID1000141401,IDR,PBID
indonesia,Prima Cakrawala Abadi,Prima Cakrawala Abadi PT,ID1000141807,IDR,PCAR
indonesia,LCK Global Kedaton,LCK Global Kedaton,ID1000141906,IDR,LCKM
indonesia,Cita Mineral,Cita Mineral Investindo Tbk PT,ID1000082803,IDR,CITA
indonesia,Borneo Olah Sarana,Borneo Olah Sarana Sukses PT,ID1000142003,IDR,BOSS
indonesia,Jaya Trishindo,Jaya Trishindo Tbk PT,ID1000142201,IDR,HELI
indonesia,Sky Energy,Sky Energy Indonesia Tbk PT,ID1000142102,IDR,JSKY
indonesia,Gihon Telekom,Gihon Telekomunikasi Indonesia Tbk PT,ID1000142300,IDR,GHON
indonesia,Indah Prakasa Sentosa,Indah Prakasa Sentosa PT Tbk,ID1000142508,IDR,INPS
indonesia,Tridomain Performance,Tridomain Performance Materials PT,ID1000142409,IDR,TDPM
indonesia,PT Dafam Property,PT Dafam Property Indonesia Tbk,ID1000142607,IDR,DFAM
indonesia,Bank BRISyariah,Bank BRISyariah Tbk PT,ID1000142904,IDR,BRIS
indonesia,PT Surya Pertiwi,PT Surya Pertiwi Tbk,ID1000143001,IDR,SPTO
indonesia,Medikaloka Hermina,Medikaloka Hermina PT,ID1000143100,IDR,HEAL
indonesia,Guna Timur Raya,Guna Timur Raya PT,ID1000143308,IDR,TRUK
indonesia,PT Sarimelati Kencana,PT Sarimelati Kencana Tbk,ID1000143407,IDR,PZZA
indonesia,Sriwahana,Sriwahana,ID1000143704,IDR,SWAT
indonesia,Asuransi Tugu Pratama,Asuransi Tugu Pratama Indonesia Tbk PT,ID1000143506,IDR,TUGU
indonesia,MNC Studios,MNC Studios International Tbk PT,ID1000143605,IDR,MSIN
indonesia,Steadfast Marine,Steadfast Marine PT,ID1000143803,IDR,KPAL
indonesia,Bank Tabungan Pensiunan,Bank Tabungan Pensiunan Nasional Syariah PT,ID1000142805,IDR,BTPS
indonesia,Charnic Capital,Charnic Capital Tbk PT,ID1000142706,IDR,NICK
indonesia,Royal Prima,Royal Prima PT,ID1000143209,IDR,PRIM
indonesia,Skybee,Skybee Tbk PT,ID1000115801,IDR,SKYB
indonesia,PT Trimuda Nuansa,PT Trimuda Nuansa Citra Tbk,ID1000143902,IDR,TNCA
indonesia,Batavia Prosperindo Trans,Batavia Prosperindo Trans Tbk PT,ID1000144207,IDR,BPTR
indonesia,PT Kendaraan Terminal,PT Indonesia Kendaraan Terminal Tbk,ID1000144306,IDR,IPCC
indonesia,Jaya Sukses Makmur,Jaya Sukses Makmur Sentosa Tbk PT,ID1000144801,IDR,RISE
indonesia,MAP Aktif Adiperkasa,MAP Aktif Adiperkasa Tbk PT,ID1000144108,IDR,MAPA
indonesia,Transcoal Pacific,Transcoal Pacific Tbk PT,ID1000144009,IDR,TCPI
indonesia,Pollux Properti,Pollux Properti Indonesia Tbk PT,ID1000144405,IDR,POLL
indonesia,Mahkota,Mahkota Group Tbk PT,ID1000144603,IDR,MGRO
indonesia,NFC Indonesia,NFC Indonesia PT Tbk,ID1000144504,IDR,NFCX
indonesia,Sinergi Megah Internusa,Sinergi Megah Internusa Tbk PT,ID1000144702,IDR,NUSA
indonesia,MD Pictures,MD Pictures Tbk PT,ID1000144900,IDR,FILM
indonesia,Andira Agro,Andira Agro Tbk PT,ID1000145105,IDR,ANDI
indonesia,Trimitra Propertindo,Trimitra Propertindo Tbk PT,ID1000145006,IDR,LAND
indonesia,Madusari Murni Indah,Madusari Murni Indah Tbk PT,ID1000145204,IDR,MOLI
indonesia,Arkadia Digital,Arkadia Digital Media Tbk PT,ID1000145402,IDR,DIGI
indonesia,Pratama Abadi Nusa,Pratama Abadi Nusa Industri Tbk PT,ID1000145303,IDR,PANI
indonesia,Natura City,Natura City Developments Tbk PT,ID1000145501,IDR,CITY
indonesia,HK Metals Utama,HK Metals Utama Tbk PT,ID1000146004,IDR,HKMU
indonesia,Cottonindo Ariesta,Cottonindo Ariesta Tbk PT,ID1000145808,IDR,KPAS
indonesia,Propertindo Mulia,Propertindo Mulia Investama Tbk PT,ID1000146301,IDR,MPRO
indonesia,Satria Antaran Prima,Satria Antaran Prima Tbk PT,ID1000145600,IDR,SAPX
indonesia,Super Energy,Super Energy Tbk PT,ID1000145709,IDR,SURE
indonesia,Garudafood Putra Putri,Garudafood Putra Putri Jaya Tbk PT,ID1000145907,IDR,GOOD
indonesia,PT Jaya Bersama,PT Jaya Bersama Indo Tbk,ID1000146202,IDR,DUCK
indonesia,Superkrane Mitra Utama,Superkrane Mitra Utama Tbk PT,ID1000146103,IDR,SKRN
indonesia,Cahayaputra Asa Keramik,Cahayaputra Asa Keramik Tbk PT,ID1000146509,IDR,CAKK
indonesia,Kota Satu,Kota Satu Properti Tbk PT,ID1000146707,IDR,SATU
indonesia,Yelooo Integra,Yelooo Integra Datanet Tbk PT,ID1000146400,IDR,YELO
indonesia,Shield On Service,Shield On Service Tbk PT,ID1000146608,IDR,SOSS
indonesia,Dewata Freight,Dewata Freight International Tbk PT,ID1000146806,IDR,DEAL
indonesia,Pool Advista Finance,Pool Advista Finance Tbk PT,ID1000146905,IDR,POLA
indonesia,Nusantara Voucher,Nusantara Voucher Distribution Tbk PT,ID1000147002,IDR,DIVA
indonesia,Sentral Mitra Informatika,Sentral Mitra Informatika Tbk PT,ID1000147101,IDR,LUCK
indonesia,Satria Mega Kencana,Satria Mega Kencana Tbk PT,ID1000147309,IDR,SOTS
indonesia,Urban Jakarta Propertindo,Urban Jakarta Propertindo Tbk PT,ID1000147200,IDR,URBN
indonesia,Mega Perintis,Mega Perintis Tbk PT,ID1000147408,IDR,ZONE
indonesia,Phapros,Phapros Tbk PT,ID1000147507,IDR,PEHA
indonesia,Sentra Food,Sentra Food Indonesia Tbk PT,ID1000147804,IDR,FOOD
indonesia,Estika Tata Tiara,Estika Tata Tiara Tbk PT,ID1000147705,IDR,BEEF
indonesia,Pollux Investasi,Pollux Investasi Internasional Tbk PT,ID1000147606,IDR,POLI
indonesia,Citra Putra,Citra Putra Realty Tbk PT,ID1000147903,IDR,CLAY
indonesia,Nusantara Properti,Nusantara Properti International Tbk PT,ID1000148000,IDR,NATO
indonesia,Armada Berjaya,Armada Berjaya Trans Tbk PT,ID1000148109,IDR,JAYA
indonesia,PT Wahana Interfood,PT Wahana Interfood Nusantara Tbk,ID1000148208,IDR,COCO
indonesia,Meta Epsi,Meta Epsi Tbk PT,ID1000148307,IDR,MTPS
indonesia,Capri Nusa Satu Properti,Capri Nusa Satu Properti Tbk PT,ID1000148406,IDR,CPRI
indonesia,Menteng Heritage Realty,Menteng Heritage Realty Tbk PT,ID1000148505,IDR,HRME
indonesia,Bliss Properti Indonesia,Bliss Properti Indonesia Tbk PT,ID1000148703,IDR,POSA
indonesia,Jasnita Telekom,Jasnita Telekomindo Tbk PT,ID1000148604,IDR,JAST
indonesia,Hotel Fitra International,Hotel Fitra International Tbk PT,ID1000148802,IDR,FITT
indonesia,Bali Bintang Sejahtera,Bali Bintang Sejahtera Tbk PT,ID1000148901,IDR,BOLA
indonesia,Communication Cable Systems,Communication Cable Systems Indonesia Tbk PT,ID1000149008,IDR,CCSI
indonesia,Surya Fajar Capital,Surya Fajar Capital Tbk PT,ID1000149107,IDR,SFAN
indonesia,Golden Flower,Golden Flower Tbk PT,ID1000149206,IDR,POLU
indonesia,Bima Sakti Pertiwi,Bima Sakti Pertiwi Tbk PT,ID1000149503,IDR,PAMG
indonesia,Darmi Bersaudara,Darmi Bersaudara Tbk PT,ID1000149602,IDR,KAYU
indonesia,Indonesian Tobacco,Indonesian Tobacco Tbk PT,ID1000149404,IDR,ITIC
indonesia,Krida Jaringan Nusantara,Krida Jaringan Nusantara Tbk PT,ID1000149305,IDR,KJEN
indonesia,Envy Technologies,Envy Technologies Indonesia Tbk PT,ID1000149909,IDR,ENVY
indonesia,Berkah Prima Perkasa,Berkah Prima Perkasa Tbk PT,ID1000149800,IDR,BLUE
indonesia,MNC Vision Networks,MNC Vision Networks PT,ID1000150402,IDR,IPTV
indonesia,Hensel Davest,Hensel Davest Indonesia Tbk PT,ID1000150303,IDR,HDIT
indonesia,Satyamitra Kemas Lestari,Satyamitra Kemas Lestari Tbk PT,ID1000150204,IDR,SMKL
indonesia,Inocycle,Inocycle Technology Tbk PT,ID1000150105,IDR,INOV
indonesia,Arkha Jayanti,Arkha Jayanti Persada PT,ID1000150501,IDR,ARKA
indonesia,Eastparc Hotel,Eastparc Hotel Tbk PT,ID1000150808,IDR,EAST
indonesia,Asuransi Jiwa Sinarmas,Asuransi Jiwa Sinarmas Msig PT,ID1000150600,IDR,LIFE
indonesia,Fuji Finance Indonesia,Fuji Finance Indonesia Tbk PT,ID1000150006,IDR,FUJI
indonesia,DMS Propertindo,DMS Propertindo Tbk PT,ID1000150709,IDR,KOTA
indonesia,Kencana Energi,Kencana Energi Lestari,ID1000150907,IDR,KEEN
indonesia,Telefast Indonesia,Telefast Indonesia,ID1000151103,IDR,TFAS
indonesia,Bhakti Agung Propertindo,Bhakti Agung Propertindo,ID1000151004,IDR,BAPI
indonesia,Gunung Raja,Gunung Raja Paksi,ID1000151202,IDR,GGRP
indonesia,Optima Prima,Optima Prima Metal Sinergi,ID1000151301,IDR,OPMS
indonesia,Nusantara Almazia,Nusantara Almazia,ID1000151400,IDR,NZIA
indonesia,Gaya Abadi,Gaya Abadi Sempurna,ID1000151608,IDR,SLIS
indonesia,Trinitan,Trinitan Metals and Minerals,ID1000151509,IDR,PURE
indonesia,Itama Ranoraya,Itama Ranoraya,ID1000151707,IDR,IRRA
indonesia,Digital Mediatama Maxima,Digital Mediatama Maxima PT,ID1000151806,IDR,DMMX
indonesia,Ginting Jaya Energi,Ginting Jaya Energi,ID1000152002,IDR,WOWS
indonesia,Singaraja Putra,Singaraja Putra,ID1000151905,IDR,SINI
